Date,Time,Temperature,Humidity
2025-08-24,17:37:30,23.1,47.6
2025-08-24,17:37:30,23.1,47.6
2025-08-24,17:37:30,23.0,47.5
2025-08-24,17:37:30,23.0,47.5
2025-08-24,17:37:30,23.0,47.5
2025-08-24,17:37:30,23.0,47.5
2025-08-24,17:37:30,23.0,47.5
2025-08-24,17:37:30,23.0,47.5
2025-08-24,17:37:30,23.0,47.4
2025-08-24,17:37:30,23.0,47.4
2025-08-24,17:37:31,23.0,47.5
2025-08-24,17:37:32,23.0,47.5
2025-08-24,17:37:33,23.0,47.4
2025-08-24,17:37:34,23.0,47.4
2025-08-24,17:37:35,23.0,47.5
2025-08-24,17:37:36,23.0,47.5
2025-08-24,17:37:37,23.0,47.3
2025-08-24,17:37:38,23.0,47.3
2025-08-24,17:37:39,23.0,47.3
2025-08-24,17:37:40,23.0,47.3
2025-08-24,17:37:41,22.9,47.4
2025-08-24,17:37:42,22.9,47.4
2025-08-24,17:37:43,22.9,47.3
2025-08-24,17:37:44,22.9,47.3
2025-08-24,17:37:45,22.9,47.3
2025-08-24,17:37:46,22.9,47.3
2025-08-24,17:37:47,22.9,47.3
2025-08-24,17:37:48,22.9,47.3
2025-08-24,17:37:49,22.9,47.3
2025-08-24,17:37:50,22.9,47.3
2025-08-24,17:37:51,22.9,47.3
2025-08-24,17:37:52,22.9,47.3
2025-08-24,17:37:53,22.9,47.3
2025-08-24,17:37:54,22.9,47.3
2025-08-24,17:37:55,22.9,47.4
2025-08-24,17:37:56,22.9,47.4
2025-08-24,17:37:57,22.9,47.3
2025-08-24,17:37:58,22.9,47.3
2025-08-24,17:37:59,22.9,47.5
2025-08-24,17:38:00,22.9,47.5
2025-08-24,17:38:01,22.9,47.4
2025-08-24,17:38:02,22.9,47.4
2025-08-24,17:38:03,22.9,47.3
2025-08-24,17:38:04,22.9,47.3
2025-08-24,17:38:05,22.9,47.4
2025-08-24,17:38:06,22.9,47.4
2025-08-24,17:38:07,22.9,47.4
2025-08-24,17:38:08,22.9,47.4
2025-08-24,17:38:09,22.9,47.3
2025-08-24,17:38:10,22.9,47.3
2025-08-24,17:38:11,22.9,47.4
2025-08-24,17:38:12,22.9,47.4
2025-08-24,17:38:13,22.9,47.3
2025-08-24,17:38:14,22.9,47.3
2025-08-24,17:38:15,22.8,47.2
2025-08-24,17:38:16,22.8,47.2
2025-08-24,17:38:17,22.8,47.3
2025-08-24,17:38:18,22.8,47.3
2025-08-24,17:38:19,22.8,47.4
2025-08-24,17:38:20,22.8,47.4
2025-08-24,17:38:21,22.8,47.4
2025-08-24,17:38:22,22.8,47.4
2025-08-24,17:38:23,22.8,47.3
2025-08-24,17:38:24,22.8,47.3
2025-08-24,17:38:25,22.9,47.3
2025-08-24,17:38:26,22.9,47.3
2025-08-24,17:38:27,22.8,47.3
2025-08-24,17:38:28,22.8,47.3
2025-08-24,17:38:29,22.8,47.4
2025-08-24,17:38:30,22.8,47.4
2025-08-24,17:38:31,22.8,47.4
2025-08-24,17:38:32,22.8,47.4
2025-08-24,17:38:33,22.8,47.4
2025-08-24,17:38:34,22.8,47.4
2025-08-24,17:38:35,22.8,47.3
2025-08-24,17:38:36,22.8,47.3
2025-08-24,17:38:37,22.8,47.3
2025-08-24,17:38:38,22.8,47.3
2025-08-24,17:38:39,22.8,47.2
2025-08-24,17:38:40,22.8,47.2
2025-08-24,17:38:41,22.8,47.4
2025-08-24,17:38:42,22.8,47.4
2025-08-24,17:38:43,22.8,47.3
2025-08-24,17:38:44,22.8,47.3
2025-08-24,17:38:45,22.8,47.3
2025-08-24,17:38:46,22.8,47.3
2025-08-24,17:38:47,22.8,47.2
2025-08-24,17:38:48,22.8,47.2
2025-08-24,17:38:49,22.8,47.3
2025-08-24,17:38:50,22.8,47.3
2025-08-24,17:38:51,22.8,47.2
2025-08-24,17:38:52,22.8,47.2
2025-08-24,17:38:53,22.8,47.3
2025-08-24,17:38:54,22.8,47.3
2025-08-24,17:38:55,22.8,47.2
2025-08-24,17:38:56,22.8,47.2
2025-08-24,17:38:57,22.8,47.1
2025-08-24,17:38:58,22.8,47.1
2025-08-24,17:38:59,22.8,47.2
2025-08-24,17:39:00,22.8,47.2
2025-08-24,17:39:01,22.8,47.1
2025-08-24,17:39:02,22.8,47.1
2025-08-24,17:39:03,22.8,47.2
2025-08-24,17:39:04,22.8,47.2
2025-08-24,17:39:05,22.8,47.2
2025-08-24,17:39:06,22.8,47.2
2025-08-24,17:39:07,22.8,47.1
2025-08-24,17:39:08,22.8,47.1
2025-08-24,17:39:09,22.8,47.1
2025-08-24,17:39:10,22.8,47.1
2025-08-24,17:39:11,22.8,47.1
2025-08-24,17:39:12,22.8,47.1
2025-08-24,17:39:13,22.8,47.0
2025-08-24,17:39:14,22.8,47.0
2025-08-24,17:39:15,22.8,47.2
2025-08-24,17:39:16,22.8,47.2
2025-08-24,17:39:17,22.8,47.1
2025-08-24,17:39:18,22.8,47.1
2025-08-24,17:39:19,22.8,47.1
2025-08-24,17:39:20,22.8,47.1
2025-08-24,17:39:21,22.8,47.1
2025-08-24,17:39:22,22.8,47.1
2025-08-24,17:39:23,22.8,47.1
2025-08-24,17:39:24,22.8,47.1
2025-08-24,17:39:25,22.8,47.2
2025-08-24,17:39:26,22.8,47.2
2025-08-24,17:39:27,22.8,47.1
2025-08-24,17:39:28,22.8,47.1
2025-08-24,17:39:29,22.8,47.2
2025-08-24,17:39:30,22.8,47.2
2025-08-24,17:39:31,22.8,47.3
2025-08-24,17:39:32,22.8,47.3
2025-08-24,17:39:33,22.8,47.4
2025-08-24,17:39:34,22.8,47.4
2025-08-24,17:39:35,22.8,47.4
2025-08-24,17:39:36,22.8,47.4
2025-08-24,17:39:37,22.8,47.5
2025-08-24,17:39:38,22.8,47.5
2025-08-24,17:39:39,22.8,47.5
2025-08-24,17:39:40,22.8,47.5
2025-08-24,17:39:41,22.8,47.6
2025-08-24,17:39:42,22.8,47.6
2025-08-24,17:39:43,22.8,47.7
2025-08-24,17:39:44,22.8,47.7
2025-08-24,17:39:45,22.8,47.8
2025-08-24,17:39:46,22.8,47.8
2025-08-24,17:39:47,22.8,47.9
2025-08-24,17:39:48,22.8,47.9
2025-08-24,17:39:49,22.8,47.8
2025-08-24,17:39:50,22.8,47.8
2025-08-24,17:39:51,22.8,48.0
2025-08-24,17:39:52,22.8,48.0
2025-08-24,17:39:53,22.8,47.9
2025-08-24,17:39:54,22.8,47.9
2025-08-24,17:39:55,22.8,47.9
2025-08-24,17:39:56,22.8,47.9
2025-08-24,17:39:57,22.8,47.9
2025-08-24,17:39:58,22.8,47.9
2025-08-24,17:39:59,22.8,47.9
2025-08-24,17:40:00,22.8,47.9
2025-08-24,17:40:01,22.8,47.9
2025-08-24,17:40:02,22.8,47.9
2025-08-24,17:40:03,22.8,48.0
2025-08-24,17:40:04,22.8,48.0
2025-08-24,17:40:05,22.8,47.9
2025-08-24,17:40:06,22.8,47.9
2025-08-24,17:40:07,22.8,47.8
2025-08-24,17:40:08,22.8,47.8
2025-08-24,17:40:09,22.8,48.0
2025-08-24,17:40:10,22.8,48.0
2025-08-24,17:40:11,22.8,47.9
2025-08-24,17:40:12,22.8,47.9
2025-08-24,17:40:13,22.8,47.9
2025-08-24,17:40:14,22.8,47.9
2025-08-24,17:40:15,22.8,48.0
2025-08-24,17:40:16,22.8,48.0
2025-08-24,17:40:17,22.8,48.0
2025-08-24,17:40:18,22.8,48.0
2025-08-24,17:40:19,22.8,48.0
2025-08-24,17:40:20,22.8,48.0
2025-08-24,17:40:21,22.8,48.0
2025-08-24,17:40:22,22.8,48.0
2025-08-24,17:40:23,22.8,47.9
2025-08-24,17:40:24,22.8,47.9
2025-08-24,17:40:25,22.9,48.0
2025-08-24,17:40:26,22.9,48.0
2025-08-24,17:40:27,22.9,48.0
2025-08-24,17:40:28,22.9,48.0
2025-08-24,17:40:29,22.9,48.0
2025-08-24,17:40:30,22.9,48.0
2025-08-24,17:40:31,22.9,47.9
2025-08-24,17:40:32,22.9,47.9
2025-08-24,17:40:33,22.9,48.0
2025-08-24,17:40:34,22.9,48.0
2025-08-24,17:40:35,22.9,48.0
2025-08-24,17:40:36,22.9,48.0
2025-08-24,17:40:37,22.9,47.9
2025-08-24,17:40:38,22.9,47.9
2025-08-24,17:40:39,22.9,48.0
2025-08-24,17:40:40,22.9,48.0
2025-08-24,17:40:41,22.9,48.0
2025-08-24,17:40:42,22.9,48.0
2025-08-24,17:40:43,22.9,47.9
2025-08-24,17:40:44,22.9,47.9
2025-08-24,17:40:45,22.9,47.8
2025-08-24,17:40:46,22.9,47.8
2025-08-24,17:40:47,23.0,47.8
2025-08-24,17:40:48,23.0,47.8
2025-08-24,17:40:49,23.0,48.0
2025-08-24,17:40:50,23.0,48.0
2025-08-24,17:40:51,23.0,47.9
2025-08-24,17:40:52,23.0,47.9
2025-08-24,17:40:53,23.0,47.9
2025-08-24,17:40:54,23.0,47.9
2025-08-24,17:40:55,23.0,47.9
2025-08-24,17:40:56,23.0,47.9
2025-08-24,17:40:57,23.0,47.9
2025-08-24,17:40:58,23.0,47.9
2025-08-24,17:40:59,23.0,47.8
2025-08-24,17:41:00,23.0,47.8
2025-08-24,17:41:01,23.1,47.8
2025-08-24,17:41:02,23.1,47.8
2025-08-24,17:41:03,23.1,47.8
2025-08-24,17:41:04,23.1,47.8
2025-08-24,17:41:05,23.1,47.8
2025-08-24,17:41:06,23.1,47.8
2025-08-24,17:41:07,23.1,47.8
2025-08-24,17:41:08,23.1,47.8
2025-08-24,17:41:09,23.1,47.6
2025-08-24,17:41:10,23.1,47.6
2025-08-24,17:41:11,23.2,47.6
2025-08-24,17:41:12,23.2,47.6
2025-08-24,17:41:13,23.2,47.4
2025-08-24,17:41:14,23.2,47.4
2025-08-24,17:41:15,23.2,47.3
2025-08-24,17:41:16,23.2,47.3
2025-08-24,17:41:17,23.2,47.2
2025-08-24,17:41:18,23.2,47.2
2025-08-24,17:41:19,23.2,47.2
2025-08-24,17:41:20,23.2,47.2
2025-08-24,17:41:21,23.2,47.1
2025-08-24,17:41:22,23.2,47.1
2025-08-24,17:41:23,23.2,47.1
2025-08-24,17:41:24,23.2,47.1
2025-08-24,17:41:25,23.2,47.1
2025-08-24,17:41:26,23.2,47.1
2025-08-24,17:41:27,23.2,47.0
2025-08-24,17:41:28,23.2,47.0
2025-08-24,17:41:29,23.2,46.9
2025-08-24,17:41:30,23.2,46.9
2025-08-24,17:41:31,23.2,46.8
2025-08-24,17:41:32,23.2,46.8
2025-08-24,17:41:33,23.2,46.8
2025-08-24,17:41:34,23.2,46.8
2025-08-24,17:41:35,23.2,46.7
2025-08-24,17:41:36,23.2,46.7
2025-08-24,17:41:37,23.2,46.7
2025-08-24,17:41:38,23.2,46.7
2025-08-24,17:41:39,23.2,46.7
2025-08-24,17:41:40,23.2,46.7
2025-08-24,17:41:41,23.2,46.6
2025-08-24,17:41:42,23.2,46.6
2025-08-24,17:41:43,23.2,46.6
2025-08-24,17:41:44,23.2,46.6
2025-08-24,17:41:45,23.1,46.5
2025-08-24,17:41:46,23.1,46.5
2025-08-24,17:41:47,23.2,46.6
2025-08-24,17:41:48,23.2,46.6
2025-08-24,17:41:49,23.2,46.5
2025-08-24,17:41:50,23.2,46.5
2025-08-24,17:41:51,23.1,46.3
2025-08-24,17:41:52,23.1,46.3
2025-08-24,17:41:53,23.1,46.4
2025-08-24,17:41:54,23.1,46.4
2025-08-24,17:41:55,23.1,46.4
2025-08-24,17:41:56,23.1,46.4
2025-08-24,17:41:57,23.1,46.4
2025-08-24,17:41:58,23.1,46.4
2025-08-24,17:41:59,23.1,46.1
2025-08-24,17:42:00,23.1,46.1
2025-08-24,17:42:01,23.1,46.2
2025-08-24,17:42:02,23.1,46.2
2025-08-24,17:42:03,23.1,46.2
2025-08-24,17:42:04,23.1,46.2
2025-08-24,17:42:06,23.1,46.2
2025-08-24,17:42:07,23.1,46.2
2025-08-24,17:42:08,23.1,46.1
2025-08-24,17:42:09,23.1,46.1
2025-08-24,17:42:10,23.1,46.1
2025-08-24,17:42:11,23.1,46.1
2025-08-24,17:42:12,23.1,46.1
2025-08-24,17:42:13,23.1,46.1
2025-08-24,17:42:14,23.1,46.0
2025-08-24,17:42:15,23.1,46.0
2025-08-24,17:42:16,23.1,46.0
2025-08-24,17:42:17,23.1,46.0
2025-08-24,17:42:18,23.1,46.1
2025-08-24,17:42:19,23.1,46.1
2025-08-24,17:42:20,23.1,45.9
2025-08-24,17:42:21,23.1,45.9
2025-08-24,17:42:22,23.1,45.9
2025-08-24,17:42:23,23.1,45.9
2025-08-24,17:42:24,23.1,46.0
2025-08-24,17:42:25,23.1,46.0
2025-08-24,17:42:26,23.1,45.8
2025-08-24,17:42:27,23.1,45.8
2025-08-24,17:42:28,23.1,46.0
2025-08-24,17:42:29,23.1,46.0
2025-08-24,17:42:30,23.1,45.8
2025-08-24,17:42:31,23.1,45.8
2025-08-24,17:42:32,23.1,45.9
2025-08-24,17:42:33,23.1,45.9
2025-08-24,17:42:34,23.0,45.8
2025-08-24,17:42:35,23.0,45.8
2025-08-24,17:42:36,23.1,45.8
2025-08-24,17:42:37,23.1,45.8
2025-08-24,17:42:38,23.0,45.8
2025-08-24,17:42:39,23.0,45.8
2025-08-24,17:42:40,23.1,45.8
2025-08-24,17:42:41,23.1,45.8
2025-08-24,17:42:42,23.0,45.7
2025-08-24,17:42:43,23.0,45.7
2025-08-24,17:42:44,23.0,45.7
2025-08-24,17:42:45,23.0,45.7
2025-08-24,17:42:46,23.0,45.7
2025-08-24,17:42:47,23.0,45.7
2025-08-24,17:42:48,23.0,45.7
2025-08-24,17:42:49,23.0,45.7
2025-08-24,17:42:50,23.0,45.6
2025-08-24,17:42:51,23.0,45.6
2025-08-24,17:42:52,23.0,45.6
2025-08-24,17:42:53,23.0,45.6
2025-08-24,17:42:54,23.0,45.5
2025-08-24,17:42:55,23.0,45.5
2025-08-24,17:42:56,23.0,45.7
2025-08-24,17:42:57,23.0,45.7
2025-08-24,17:42:58,23.0,45.7
2025-08-24,17:42:59,23.0,45.7
2025-08-24,17:43:00,22.9,45.6
2025-08-24,17:43:01,22.9,45.6
2025-08-24,17:43:02,22.9,45.5
2025-08-24,17:43:03,22.9,45.5
2025-08-24,17:43:04,22.9,45.5
2025-08-24,17:43:05,22.9,45.5
2025-08-24,17:43:06,22.9,45.5
2025-08-24,17:43:07,22.9,45.5
2025-08-24,17:43:08,22.9,45.5
2025-08-24,17:43:09,22.9,45.5
2025-08-24,17:43:10,22.9,45.5
2025-08-24,17:43:11,22.9,45.5
2025-08-24,17:43:12,22.9,45.5
2025-08-24,17:43:13,22.9,45.5
2025-08-24,17:43:14,22.9,45.5
2025-08-24,17:43:15,22.9,45.5
2025-08-24,17:43:16,22.9,45.6
2025-08-24,17:43:17,22.9,45.6
2025-08-24,17:43:18,22.9,45.5
2025-08-24,17:43:19,22.9,45.5
2025-08-24,17:43:20,22.8,45.5
2025-08-24,17:43:21,22.8,45.5
2025-08-24,17:43:22,22.8,45.5
2025-08-24,17:43:23,22.8,45.5
2025-08-24,17:43:24,22.8,45.5
2025-08-24,17:43:25,22.8,45.5
2025-08-24,17:43:26,22.8,45.4
2025-08-24,17:43:27,22.8,45.4
2025-08-24,17:43:28,22.8,45.5
2025-08-24,17:43:29,22.8,45.5
2025-08-24,17:43:30,22.8,45.4
2025-08-24,17:43:31,22.8,45.4
2025-08-24,17:43:32,22.8,45.5
2025-08-24,17:43:33,22.8,45.5
2025-08-24,17:43:34,22.8,45.4
2025-08-24,17:43:35,22.8,45.4
2025-08-24,17:43:36,22.7,45.3
2025-08-24,17:43:37,22.7,45.3
2025-08-24,17:43:38,22.7,45.5
2025-08-24,17:43:39,22.7,45.5
2025-08-24,17:43:40,22.7,45.5
2025-08-24,17:43:41,22.7,45.5
2025-08-24,17:43:42,22.7,45.4
2025-08-24,17:43:43,22.7,45.4
2025-08-24,17:43:44,22.7,45.4
2025-08-24,17:43:45,22.7,45.4
2025-08-24,17:43:46,22.7,45.4
2025-08-24,17:43:47,22.7,45.4
2025-08-24,17:43:48,22.7,45.4
2025-08-24,17:43:49,22.7,45.4
2025-08-24,17:43:50,22.7,45.4
2025-08-24,17:43:51,22.7,45.4
2025-08-24,17:43:52,22.7,45.4
2025-08-24,17:43:55,22.7,45.4
2025-08-24,17:43:55,22.7,45.4
2025-08-24,17:43:56,22.7,45.4
2025-08-24,17:43:57,22.7,45.4
2025-08-24,17:43:58,22.7,45.4
2025-08-24,17:43:59,22.7,45.4
2025-08-24,17:44:00,22.7,45.5
2025-08-24,17:44:01,22.7,45.5
2025-08-24,17:44:02,22.7,45.4
2025-08-24,17:44:03,22.7,45.4
2025-08-24,17:44:04,22.7,45.5
2025-08-24,17:44:05,22.7,45.5
2025-08-24,17:44:06,22.7,45.4
2025-08-24,17:44:07,22.7,45.4
2025-08-24,17:44:08,22.7,45.4
2025-08-24,17:44:09,22.7,45.4
2025-08-24,17:44:10,22.7,45.3
2025-08-24,17:44:11,22.7,45.3
2025-08-24,17:44:12,22.7,45.4
2025-08-24,17:44:13,22.7,45.4
2025-08-24,17:44:14,22.6,45.4
2025-08-24,17:44:15,22.6,45.4
2025-08-24,17:44:16,22.6,45.5
2025-08-24,17:44:17,22.6,45.5
2025-08-24,17:44:18,22.6,45.4
2025-08-24,17:44:19,22.6,45.4
2025-08-24,17:44:20,22.6,45.3
2025-08-24,17:44:21,22.6,45.3
2025-08-24,17:44:22,22.6,45.3
2025-08-24,17:44:23,22.6,45.3
2025-08-24,17:44:24,22.6,45.4
2025-08-24,17:44:25,22.6,45.4
2025-08-24,17:44:26,22.6,45.3
2025-08-24,17:44:27,22.6,45.3
2025-08-24,17:44:28,22.6,45.4
2025-08-24,17:44:29,22.6,45.4
2025-08-24,17:44:30,22.6,45.3
2025-08-24,17:44:31,22.6,45.3
2025-08-24,17:44:32,22.6,45.3
2025-08-24,17:44:33,22.6,45.3
2025-08-24,17:44:34,22.6,45.3
2025-08-24,17:44:35,22.6,45.3
2025-08-24,17:44:36,22.5,45.2
2025-08-24,17:44:37,22.5,45.2
2025-08-24,17:44:38,22.5,45.3
2025-08-24,17:44:39,22.5,45.3
2025-08-24,17:44:40,22.5,45.3
2025-08-24,17:44:41,22.5,45.3
2025-08-24,17:44:42,22.5,45.3
2025-08-24,17:44:43,22.5,45.3
2025-08-24,17:44:44,22.5,45.3
2025-08-24,17:44:45,22.5,45.3
2025-08-24,17:44:46,22.5,45.3
2025-08-24,17:44:47,22.5,45.3
2025-08-24,17:44:48,22.5,45.4
2025-08-24,17:44:49,22.5,45.4
2025-08-24,17:44:50,22.5,45.3
2025-08-24,17:44:51,22.5,45.3
2025-08-24,17:44:52,22.5,45.2
2025-08-24,17:44:53,22.5,45.2
2025-08-24,17:44:54,22.5,45.3
2025-08-24,17:44:55,22.5,45.3
2025-08-24,17:44:56,22.5,45.3
2025-08-24,17:44:57,22.5,45.3
2025-08-24,17:44:58,22.5,45.3
2025-08-24,17:44:59,22.5,45.3
2025-08-24,17:45:00,22.5,45.2
2025-08-24,17:45:01,22.5,45.2
2025-08-24,17:45:02,22.5,45.2
2025-08-24,17:45:03,22.5,45.2
2025-08-24,17:45:04,22.5,45.3
2025-08-24,17:45:05,22.5,45.3
2025-08-24,17:45:06,22.4,45.3
2025-08-24,17:45:07,22.4,45.3
2025-08-24,17:45:08,22.4,45.3
2025-08-24,17:45:09,22.4,45.3
2025-08-24,17:45:10,22.4,45.2
2025-08-24,17:45:11,22.4,45.2
2025-08-24,17:45:12,22.4,45.2
2025-08-24,17:45:13,22.4,45.2
2025-08-24,17:45:14,22.4,45.2
2025-08-24,17:45:15,22.4,45.2
2025-08-24,17:45:16,22.4,45.3
2025-08-24,17:45:17,22.4,45.3
2025-08-24,17:45:18,22.4,45.3
2025-08-24,17:45:19,22.4,45.3
2025-08-24,17:45:20,22.4,45.3
2025-08-24,17:45:21,22.4,45.3
2025-08-24,17:45:22,22.3,45.3
2025-08-24,17:45:23,22.3,45.3
2025-08-24,17:45:24,22.3,45.2
2025-08-24,17:45:25,22.3,45.2
2025-08-24,17:45:26,22.3,45.3
2025-08-24,17:45:27,22.3,45.3
2025-08-24,17:45:28,22.3,45.3
2025-08-24,17:45:29,22.3,45.3
2025-08-24,17:45:30,22.3,45.4
2025-08-24,17:45:31,22.3,45.4
2025-08-24,17:45:32,22.3,45.4
2025-08-24,17:45:33,22.3,45.4
2025-08-24,17:45:34,22.3,45.4
2025-08-24,17:45:35,22.3,45.4
2025-08-24,17:45:36,22.3,45.4
2025-08-24,17:45:37,22.3,45.4
2025-08-24,17:45:38,22.3,45.4
2025-08-24,17:45:39,22.3,45.4
2025-08-24,17:45:40,22.3,45.5
2025-08-24,17:45:41,22.3,45.5
2025-08-24,17:45:42,22.3,45.4
2025-08-24,17:45:43,22.3,45.4
2025-08-24,17:45:44,22.3,45.6
2025-08-24,17:45:45,22.3,45.6
2025-08-24,17:45:46,22.3,45.5
2025-08-24,17:45:47,22.3,45.5
2025-08-24,17:45:48,22.3,45.4
2025-08-24,17:45:49,22.3,45.4
2025-08-24,17:45:50,22.3,45.4
2025-08-24,17:45:51,22.3,45.4
2025-08-24,17:45:52,22.3,45.5
2025-08-24,17:45:53,22.3,45.5
2025-08-24,17:45:54,22.2,45.5
2025-08-24,17:45:55,22.2,45.5
2025-08-24,17:45:56,22.3,45.5
2025-08-24,17:45:57,22.3,45.5
2025-08-24,17:45:58,22.2,45.5
2025-08-24,17:45:59,22.2,45.5
2025-08-24,17:46:00,22.2,45.5
2025-08-24,17:46:01,22.2,45.5
2025-08-24,17:46:02,22.2,45.5
2025-08-24,17:46:03,22.2,45.5
2025-08-24,17:46:04,22.2,45.6
2025-08-24,17:46:05,22.2,45.6
2025-08-24,17:46:06,22.2,45.5
2025-08-24,17:46:07,22.2,45.5
2025-08-24,17:46:08,22.2,45.6
2025-08-24,17:46:09,22.2,45.6
2025-08-24,17:46:10,22.2,45.6
2025-08-24,17:46:11,22.2,45.6
2025-08-24,17:46:12,22.2,45.5
2025-08-24,17:46:13,22.2,45.5
2025-08-24,17:46:14,22.2,45.6
2025-08-24,17:46:15,22.2,45.6
2025-08-24,17:46:16,22.2,45.6
2025-08-24,17:46:17,22.2,45.6
2025-08-24,17:46:18,22.2,45.6
2025-08-24,17:46:19,22.2,45.6
2025-08-24,17:46:20,22.2,45.7
2025-08-24,17:46:21,22.2,45.7
2025-08-24,17:46:22,22.2,45.7
2025-08-24,17:46:23,22.2,45.7
2025-08-24,17:46:24,22.2,45.6
2025-08-24,17:46:25,22.2,45.6
2025-08-24,17:46:26,22.2,45.7
2025-08-24,17:46:27,22.2,45.7
2025-08-24,17:46:28,22.2,45.7
2025-08-24,17:46:29,22.2,45.7
2025-08-24,17:46:30,22.2,45.8
2025-08-24,17:46:31,22.2,45.8
2025-08-24,17:46:32,22.3,45.7
2025-08-24,17:46:33,22.3,45.7
2025-08-24,17:46:34,22.3,45.7
2025-08-24,17:46:35,22.3,45.7
2025-08-24,17:46:36,22.3,45.7
2025-08-24,17:46:37,22.3,45.7
2025-08-24,17:46:38,22.3,45.7
2025-08-24,17:46:39,22.3,45.7
2025-08-24,17:46:40,22.3,45.7
2025-08-24,17:46:41,22.3,45.7
2025-08-24,17:46:42,22.3,45.8
2025-08-24,17:46:43,22.3,45.8
2025-08-24,17:46:44,22.3,45.7
2025-08-24,17:46:45,22.3,45.7
2025-08-24,17:46:46,22.3,45.7
2025-08-24,17:46:47,22.3,45.7
2025-08-24,17:46:48,22.3,45.7
2025-08-24,17:46:49,22.3,45.7
2025-08-24,17:46:50,22.3,45.7
2025-08-24,17:46:51,22.3,45.7
2025-08-24,17:46:52,22.4,45.6
2025-08-24,17:46:53,22.4,45.6
2025-08-24,17:46:54,22.4,45.7
2025-08-24,17:46:55,22.4,45.7
2025-08-24,17:46:56,22.4,45.7
2025-08-24,17:46:57,22.4,45.7
2025-08-24,17:46:58,22.5,45.6
2025-08-24,17:46:59,22.5,45.6
2025-08-24,17:47:00,22.5,45.5
2025-08-24,17:47:01,22.5,45.5
2025-08-24,17:47:02,22.5,45.6
2025-08-24,17:47:03,22.5,45.6
2025-08-24,17:47:04,22.5,45.6
2025-08-24,17:47:05,22.5,45.6
2025-08-24,17:47:06,22.5,45.6
2025-08-24,17:47:07,22.5,45.6
2025-08-24,17:47:08,22.5,45.5
2025-08-24,17:47:09,22.5,45.5
2025-08-24,17:47:10,22.5,45.5
2025-08-24,17:47:11,22.5,45.5
2025-08-24,17:47:12,22.5,45.5
2025-08-24,17:47:13,22.5,45.5
2025-08-24,17:47:14,22.5,45.5
2025-08-24,17:47:15,22.5,45.5
2025-08-24,17:47:16,22.6,45.4
2025-08-24,17:47:17,22.6,45.4
2025-08-24,17:47:18,22.6,45.3
2025-08-24,17:47:19,22.6,45.3
2025-08-24,17:47:21,22.6,45.2
2025-08-24,17:47:22,22.6,45.2
2025-08-24,17:47:23,22.6,45.2
2025-08-24,17:47:24,22.6,45.2
2025-08-24,17:47:25,22.6,45.1
2025-08-24,17:47:26,22.6,45.1
2025-08-24,17:47:27,22.6,45.1
2025-08-24,17:47:28,22.6,45.1
2025-08-24,17:47:29,22.6,45.1
2025-08-24,17:47:30,22.6,45.1
2025-08-24,17:47:31,22.6,44.9
2025-08-24,17:47:32,22.6,44.9
2025-08-24,17:47:33,22.6,44.9
2025-08-24,17:47:34,22.6,44.9
2025-08-24,17:47:35,22.6,44.9
2025-08-24,17:47:36,22.6,44.9
2025-08-24,17:47:37,22.6,44.8
2025-08-24,17:47:38,22.6,44.8
2025-08-24,17:47:39,22.6,44.7
2025-08-24,17:47:40,22.6,44.7
2025-08-24,17:47:41,22.6,44.7
2025-08-24,17:47:42,22.6,44.7
2025-08-24,17:47:43,22.6,44.6
2025-08-24,17:47:44,22.6,44.6
2025-08-24,17:47:45,22.6,44.5
2025-08-24,17:47:46,22.6,44.5
2025-08-24,17:47:47,22.6,44.5
2025-08-24,17:47:48,22.6,44.5
2025-08-24,17:47:49,22.6,44.6
2025-08-24,17:47:50,22.6,44.6
2025-08-24,17:47:51,22.7,44.5
2025-08-24,17:47:52,22.7,44.5
2025-08-24,17:47:53,22.7,44.5
2025-08-24,17:47:54,22.7,44.5
2025-08-24,17:47:55,22.6,44.5
2025-08-24,17:47:56,22.6,44.5
2025-08-24,17:47:57,22.6,44.4
2025-08-24,17:47:58,22.6,44.4
2025-08-24,17:47:59,22.6,44.3
2025-08-24,17:48:00,22.6,44.3
2025-08-24,17:48:01,22.6,44.3
2025-08-24,17:48:02,22.6,44.3
2025-08-24,17:48:03,22.6,44.3
2025-08-24,17:48:04,22.6,44.3
2025-08-24,17:48:05,22.6,44.3
2025-08-24,17:48:06,22.6,44.3
2025-08-24,17:48:07,22.6,44.2
2025-08-24,17:48:08,22.6,44.2
2025-08-24,17:48:09,22.6,44.2
2025-08-24,17:48:10,22.6,44.2
2025-08-24,17:48:11,22.6,44.3
2025-08-24,17:48:12,22.6,44.3
2025-08-24,17:48:13,22.6,44.2
2025-08-24,17:48:14,22.6,44.2
2025-08-24,17:48:15,22.6,44.4
2025-08-24,17:48:16,22.6,44.4
2025-08-24,17:48:17,22.6,44.3
2025-08-24,17:48:18,22.6,44.3
2025-08-24,17:48:19,22.6,44.1
2025-08-24,17:48:20,22.6,44.1
2025-08-24,17:48:21,22.6,44.3
2025-08-24,17:48:22,22.6,44.3
2025-08-24,17:48:23,22.6,44.1
2025-08-24,17:48:24,22.6,44.1
2025-08-24,17:48:25,22.6,44.1
2025-08-24,17:48:26,22.6,44.1
2025-08-24,17:48:27,22.6,44.2
2025-08-24,17:48:28,22.6,44.2
2025-08-24,17:48:29,22.6,44.1
2025-08-24,17:48:30,22.6,44.1
2025-08-24,17:48:31,22.6,44.0
2025-08-24,17:48:32,22.6,44.0
2025-08-24,17:48:33,22.6,44.1
2025-08-24,17:48:34,22.6,44.1
2025-08-24,17:48:35,22.6,43.9
2025-08-24,17:48:36,22.6,43.9
2025-08-24,17:48:37,22.6,44.0
2025-08-24,17:48:38,22.6,44.0
2025-08-24,17:48:39,22.6,43.9
2025-08-24,17:48:40,22.6,43.9
2025-08-24,17:48:41,22.5,44.0
2025-08-24,17:48:42,22.5,44.0
2025-08-24,17:48:43,22.5,44.0
2025-08-24,17:48:44,22.5,44.0
2025-08-24,17:48:45,22.5,43.8
2025-08-24,17:48:46,22.5,43.8
2025-08-24,17:48:47,22.5,44.0
2025-08-24,17:48:48,22.5,44.0
2025-08-24,17:48:49,22.5,43.8
2025-08-24,17:48:50,22.5,43.8
2025-08-24,17:48:51,22.5,43.9
2025-08-24,17:48:52,22.5,43.9
2025-08-24,17:48:53,22.5,43.8
2025-08-24,17:48:54,22.5,43.8
2025-08-24,17:48:55,22.5,44.0
2025-08-24,17:48:56,22.5,44.0
2025-08-24,17:48:57,22.5,43.9
2025-08-24,17:48:58,22.5,43.9
2025-08-24,17:48:59,22.5,43.7
2025-08-24,17:49:00,22.5,43.7
2025-08-24,17:49:01,22.5,43.8
2025-08-24,17:49:02,22.5,43.8
2025-08-24,17:49:03,22.5,43.8
2025-08-24,17:49:04,22.5,43.8
2025-08-24,17:49:05,22.5,43.9
2025-08-24,17:49:06,22.5,43.9
2025-08-24,17:49:07,22.5,43.9
2025-08-24,17:49:08,22.5,43.9
2025-08-24,17:49:09,22.5,43.9
2025-08-24,17:49:10,22.5,43.9
2025-08-24,17:49:13,22.5,44.0
2025-08-24,17:49:13,22.5,43.8
2025-08-24,17:49:14,22.5,43.8
2025-08-24,17:49:15,22.5,43.9
2025-08-24,17:49:16,22.5,43.9
2025-08-24,17:49:17,22.5,43.7
2025-08-24,17:49:18,22.5,43.7
2025-08-24,17:49:19,22.5,43.9
2025-08-24,17:49:20,22.5,43.9
2025-08-24,17:49:21,22.5,43.9
2025-08-24,17:49:22,22.5,43.9
2025-08-24,17:49:23,22.5,43.9
2025-08-24,17:49:24,22.5,43.9
2025-08-24,17:49:25,22.5,43.9
2025-08-24,17:49:26,22.5,43.9
2025-08-24,17:49:27,22.4,43.8
2025-08-24,17:49:28,22.4,43.8
2025-08-24,17:49:29,22.4,43.8
2025-08-24,17:49:30,22.4,43.8
2025-08-24,17:49:31,22.4,44.0
2025-08-24,17:49:32,22.4,44.0
2025-08-24,17:49:33,22.4,43.8
2025-08-24,17:49:34,22.4,43.8
2025-08-24,17:49:35,22.4,43.9
2025-08-24,17:49:36,22.4,43.9
2025-08-24,17:49:37,22.4,43.9
2025-08-24,17:49:38,22.4,43.9
2025-08-24,17:49:39,22.3,43.8
2025-08-24,17:49:40,22.3,43.8
2025-08-24,17:49:41,22.4,44.0
2025-08-24,17:49:42,22.4,44.0
2025-08-24,17:49:43,22.3,43.9
2025-08-24,17:49:44,22.3,43.9
2025-08-24,17:49:45,22.3,43.9
2025-08-24,17:49:46,22.3,43.9
2025-08-24,17:49:47,22.3,43.9
2025-08-24,17:49:48,22.3,43.9
2025-08-24,17:49:49,22.3,43.9
2025-08-24,17:49:50,22.3,43.9
2025-08-24,17:49:51,22.3,43.9
2025-08-24,17:49:52,22.3,43.9
2025-08-24,17:49:53,22.3,44.0
2025-08-24,17:49:54,22.3,44.0
2025-08-24,17:49:55,22.3,43.9
2025-08-24,17:49:56,22.3,43.9
2025-08-24,17:49:57,22.3,43.9
2025-08-24,17:49:58,22.3,43.9
2025-08-24,17:49:59,22.3,44.0
2025-08-24,17:50:00,22.3,44.0
2025-08-24,17:50:01,22.3,44.0
2025-08-24,17:50:02,22.3,44.0
2025-08-24,17:50:03,22.3,43.9
2025-08-24,17:50:04,22.3,43.9
2025-08-24,17:50:05,22.3,44.0
2025-08-24,17:50:06,22.3,44.0
2025-08-24,17:50:07,22.3,44.1
2025-08-24,17:50:08,22.3,44.1
2025-08-24,17:50:09,22.3,44.0
2025-08-24,17:50:10,22.3,44.0
2025-08-24,17:50:11,22.3,44.0
2025-08-24,17:50:12,22.3,44.0
2025-08-24,17:50:13,22.3,44.0
2025-08-24,17:50:14,22.3,44.0
2025-08-24,17:50:15,22.3,44.0
2025-08-24,17:50:16,22.3,44.0
2025-08-24,17:50:17,22.3,44.0
2025-08-24,17:50:18,22.3,44.0
2025-08-24,17:50:19,22.3,44.1
2025-08-24,17:50:20,22.3,44.1
2025-08-24,17:50:21,22.3,44.0
2025-08-24,17:50:22,22.3,44.0
2025-08-24,17:50:23,22.3,44.0
2025-08-24,17:50:24,22.3,44.0
2025-08-24,17:50:25,22.3,44.1
2025-08-24,17:50:26,22.3,44.1
2025-08-24,17:50:27,22.3,44.0
2025-08-24,17:50:28,22.3,44.0
2025-08-24,17:50:29,22.3,44.0
2025-08-24,17:50:30,22.3,44.0
2025-08-24,17:50:31,22.3,44.0
2025-08-24,17:50:32,22.3,44.0
2025-08-24,17:50:33,22.3,44.0
2025-08-24,17:50:34,22.3,44.0
2025-08-24,17:50:35,22.3,44.0
2025-08-24,17:50:36,22.3,44.0
2025-08-24,17:50:37,22.3,44.0
2025-08-24,17:50:38,22.3,44.0
2025-08-24,17:50:39,22.3,43.9
2025-08-24,17:50:40,22.3,43.9
2025-08-24,17:50:41,22.3,43.8
2025-08-24,17:50:42,22.3,43.8
2025-08-24,17:50:43,22.2,43.9
2025-08-24,17:50:44,22.2,43.9
2025-08-24,17:50:45,22.2,43.9
2025-08-24,17:50:46,22.2,43.9
2025-08-24,17:50:47,22.2,44.0
2025-08-24,17:50:48,22.2,44.0
2025-08-24,17:50:49,22.2,43.9
2025-08-24,17:50:50,22.2,43.9
2025-08-24,17:50:51,22.2,43.9
2025-08-24,17:50:52,22.2,43.9
2025-08-24,17:50:53,22.2,43.7
2025-08-24,17:50:54,22.2,43.7
2025-08-24,17:50:55,22.2,43.7
2025-08-24,17:50:56,22.2,43.7
2025-08-24,17:50:57,22.2,43.8
2025-08-24,17:50:58,22.2,43.8
2025-08-24,17:50:59,22.2,43.7
2025-08-24,17:51:00,22.2,43.7
2025-08-24,17:51:01,22.2,43.8
2025-08-24,17:51:02,22.2,43.8
2025-08-24,17:51:03,22.2,43.7
2025-08-24,17:51:04,22.2,43.7
2025-08-24,17:51:05,22.2,43.7
2025-08-24,17:51:06,22.2,43.7
2025-08-24,17:51:07,22.2,43.7
2025-08-24,17:51:08,22.2,43.7
2025-08-24,17:51:09,22.2,43.7
2025-08-24,17:51:10,22.2,43.7
2025-08-24,17:51:11,22.2,43.7
2025-08-24,17:51:12,22.2,43.7
2025-08-24,17:51:13,22.2,43.7
2025-08-24,17:51:14,22.2,43.7
2025-08-24,17:51:15,22.1,43.7
2025-08-24,17:51:16,22.1,43.7
2025-08-24,17:51:17,22.1,43.7
2025-08-24,17:51:18,22.1,43.7
2025-08-24,17:51:19,22.1,43.7
2025-08-24,17:51:20,22.1,43.7
2025-08-24,17:51:21,22.1,43.8
2025-08-24,17:51:22,22.1,43.8
2025-08-24,17:51:23,22.1,43.7
2025-08-24,17:51:24,22.1,43.7
2025-08-24,17:51:25,22.1,43.8
2025-08-24,17:51:26,22.1,43.8
2025-08-24,17:51:27,22.1,43.7
2025-08-24,17:51:28,22.1,43.7
2025-08-24,17:51:29,22.1,43.7
2025-08-24,17:51:30,22.1,43.7
2025-08-24,17:51:31,22.1,43.8
2025-08-24,17:51:32,22.1,43.8
2025-08-24,17:51:33,22.1,43.8
2025-08-24,17:51:34,22.1,43.8
2025-08-24,17:51:35,22.1,43.7
2025-08-24,17:51:36,22.1,43.7
2025-08-24,17:51:37,22.1,43.8
2025-08-24,17:51:38,22.1,43.8
2025-08-24,17:51:39,22.1,43.8
2025-08-24,17:51:40,22.1,43.8
2025-08-24,17:51:41,22.1,43.8
2025-08-24,17:51:42,22.1,43.8
2025-08-24,17:51:43,22.1,43.9
2025-08-24,17:51:44,22.1,43.9
2025-08-24,17:51:45,22.1,43.9
2025-08-24,17:51:46,22.1,43.9
2025-08-24,17:51:47,22.1,43.9
2025-08-24,17:51:48,22.1,43.9
2025-08-24,17:51:49,22.1,43.9
2025-08-24,17:51:50,22.1,43.9
2025-08-24,17:51:51,22.1,43.9
2025-08-24,17:51:52,22.1,43.9
2025-08-24,17:51:53,22.1,43.8
2025-08-24,17:51:54,22.1,43.8
2025-08-24,17:51:55,22.1,43.9
2025-08-24,17:51:56,22.1,43.9
2025-08-24,17:51:57,22.1,43.8
2025-08-24,17:51:58,22.1,43.8
2025-08-24,17:51:59,22.1,43.8
2025-08-24,17:52:00,22.1,43.8
2025-08-24,17:52:01,22.1,43.9
2025-08-24,17:52:02,22.1,43.9
2025-08-24,17:52:03,22.1,43.9
2025-08-24,17:52:04,22.1,43.9
2025-08-24,17:52:05,22.1,44.0
2025-08-24,17:52:06,22.1,44.0
2025-08-24,17:52:07,22.1,44.0
2025-08-24,17:52:08,22.1,44.0
2025-08-24,17:52:09,22.1,43.9
2025-08-24,17:52:10,22.1,43.9
2025-08-24,17:52:11,22.1,43.9
2025-08-24,17:52:12,22.1,43.9
2025-08-24,17:52:13,22.1,43.9
2025-08-24,17:52:14,22.1,43.9
2025-08-24,17:52:15,22.1,44.0
2025-08-24,17:52:16,22.1,44.0
2025-08-24,17:52:17,22.0,43.8
2025-08-24,17:52:18,22.0,43.8
2025-08-24,17:52:19,22.0,43.9
2025-08-24,17:52:20,22.0,43.9
2025-08-24,17:52:21,22.1,43.9
2025-08-24,17:52:22,22.1,43.9
2025-08-24,17:52:23,22.0,43.9
2025-08-24,17:52:24,22.0,43.9
2025-08-24,17:52:25,22.0,43.9
2025-08-24,17:52:26,22.0,43.9
2025-08-24,17:52:27,22.0,43.8
2025-08-24,17:52:28,22.0,43.8
2025-08-24,17:52:29,22.0,43.9
2025-08-24,17:52:30,22.0,43.9
2025-08-24,17:52:31,22.0,43.8
2025-08-24,17:52:32,22.0,43.8
2025-08-24,17:52:33,22.0,43.8
2025-08-24,17:52:34,22.0,43.8
2025-08-24,17:52:35,22.0,43.7
2025-08-24,17:52:37,22.0,43.7
2025-08-24,17:52:38,22.0,43.8
2025-08-24,17:52:39,22.0,43.8
2025-08-24,17:52:40,22.0,43.7
2025-08-24,17:52:41,22.0,43.7
2025-08-24,17:52:42,22.0,43.7
2025-08-24,17:52:43,22.0,43.7
2025-08-24,17:52:44,22.0,43.7
2025-08-24,17:52:45,22.0,43.7
2025-08-24,17:52:46,22.0,43.7
2025-08-24,17:52:47,22.0,43.7
2025-08-24,17:52:48,22.0,43.6
2025-08-24,17:52:49,22.0,43.6
2025-08-24,17:52:50,21.9,43.7
2025-08-24,17:52:51,21.9,43.7
2025-08-24,17:52:52,21.9,43.7
2025-08-24,17:52:53,21.9,43.7
2025-08-24,17:52:54,21.9,43.9
2025-08-24,17:52:55,21.9,43.9
2025-08-24,17:52:56,21.9,43.7
2025-08-24,17:52:57,21.9,43.7
2025-08-24,17:52:58,21.9,43.7
2025-08-24,17:52:59,21.9,43.7
2025-08-24,17:53:00,21.9,43.7
2025-08-24,17:53:01,21.9,43.7
2025-08-24,17:53:02,21.9,43.7
2025-08-24,17:53:03,21.9,43.7
2025-08-24,17:53:04,21.9,43.9
2025-08-24,17:53:05,21.9,43.9
2025-08-24,17:53:06,21.9,43.8
2025-08-24,17:53:07,21.9,43.8
2025-08-24,17:53:08,21.9,43.7
2025-08-24,17:53:09,21.9,43.7
2025-08-24,17:53:10,21.9,43.8
2025-08-24,17:53:11,21.9,43.8
2025-08-24,17:53:12,21.9,43.8
2025-08-24,17:53:13,21.9,43.8
2025-08-24,17:53:14,21.9,43.7
2025-08-24,17:53:15,21.9,43.7
2025-08-24,17:53:16,21.9,43.8
2025-08-24,17:53:17,21.9,43.8
2025-08-24,17:53:18,21.9,43.8
2025-08-24,17:53:19,21.9,43.8
2025-08-24,17:53:20,21.9,43.9
2025-08-24,17:53:21,21.9,43.9
2025-08-24,17:53:22,21.9,43.8
2025-08-24,17:53:23,21.9,43.8
2025-08-24,17:53:24,21.9,43.9
2025-08-24,17:53:25,21.9,43.9
2025-08-24,17:53:26,21.9,43.9
2025-08-24,17:53:27,21.9,43.9
2025-08-24,17:53:28,21.9,43.9
2025-08-24,17:53:29,21.9,43.9
2025-08-24,17:53:30,21.9,43.7
2025-08-24,17:53:31,21.9,43.7
2025-08-24,17:53:32,21.9,43.8
2025-08-24,17:53:33,21.9,43.8
2025-08-24,17:53:34,21.9,43.9
2025-08-24,17:53:35,21.9,43.9
2025-08-24,17:53:36,21.9,43.9
2025-08-24,17:53:37,21.9,43.9
2025-08-24,17:53:38,21.9,43.7
2025-08-24,17:53:39,21.9,43.7
2025-08-24,17:53:40,21.9,43.8
2025-08-24,17:53:41,21.9,43.8
2025-08-24,17:53:42,21.9,43.7
2025-08-24,17:53:43,21.9,43.7
2025-08-24,17:53:44,21.9,43.9
2025-08-24,17:53:45,21.9,43.9
2025-08-24,17:53:46,21.9,43.7
2025-08-24,17:53:47,21.9,43.7
2025-08-24,17:53:48,21.8,43.9
2025-08-24,17:53:49,21.8,43.9
2025-08-24,17:53:50,21.8,43.8
2025-08-24,17:53:51,21.8,43.8
2025-08-24,17:53:52,21.8,43.9
2025-08-24,17:53:53,21.8,43.9
2025-08-24,17:53:54,21.8,43.8
2025-08-24,17:53:55,21.8,43.8
2025-08-24,17:53:56,21.7,43.8
2025-08-24,17:53:57,21.7,43.8
2025-08-24,17:53:58,21.8,43.8
2025-08-24,17:53:59,21.8,43.8
2025-08-24,17:54:00,21.7,43.8
2025-08-24,17:54:01,21.7,43.8
2025-08-24,17:54:02,21.7,43.8
2025-08-24,17:54:03,21.7,43.8
2025-08-24,17:54:04,21.7,43.8
2025-08-24,17:54:05,21.7,43.8
2025-08-24,17:54:06,21.7,43.9
2025-08-24,17:54:07,21.7,43.9
2025-08-24,17:54:08,21.7,43.8
2025-08-24,17:54:09,21.7,43.8
2025-08-24,17:54:10,21.7,44.0
2025-08-24,17:54:11,21.7,44.0
2025-08-24,17:54:12,21.7,43.9
2025-08-24,17:54:13,21.7,43.9
2025-08-24,17:54:14,21.7,43.9
2025-08-24,17:54:15,21.7,43.9
2025-08-24,17:54:16,21.7,44.0
2025-08-24,17:54:17,21.7,44.0
2025-08-24,17:54:18,21.7,44.0
2025-08-24,17:54:19,21.7,44.0
2025-08-24,17:54:20,21.7,43.9
2025-08-24,17:54:21,21.7,43.9
2025-08-24,17:54:22,21.7,44.0
2025-08-24,17:54:23,21.7,44.0
2025-08-24,17:54:24,21.7,43.9
2025-08-24,17:54:25,21.7,43.9
2025-08-24,17:54:26,21.7,44.0
2025-08-24,17:54:27,21.7,44.0
2025-08-24,17:54:28,21.7,43.9
2025-08-24,17:54:29,21.7,43.9
2025-08-24,17:54:30,21.7,44.0
2025-08-24,17:54:31,21.7,44.0
2025-08-24,17:54:32,21.7,44.0
2025-08-24,17:54:33,21.7,44.0
2025-08-24,17:54:34,21.7,44.0
2025-08-24,17:54:35,21.7,44.0
2025-08-24,17:54:36,21.7,44.0
2025-08-24,17:54:37,21.7,44.0
2025-08-24,17:54:38,21.7,44.0
2025-08-24,17:54:39,21.7,44.0
2025-08-24,17:54:40,21.7,43.8
2025-08-24,17:54:41,21.7,43.8
2025-08-24,17:54:42,21.7,44.0
2025-08-24,17:54:43,21.7,44.0
2025-08-24,17:54:44,21.7,44.0
2025-08-24,17:54:45,21.7,44.0
2025-08-24,17:54:46,21.7,44.0
2025-08-24,17:54:47,21.7,44.0
2025-08-24,17:54:48,21.7,44.1
2025-08-24,17:54:49,21.7,44.1
2025-08-24,17:54:50,21.7,44.0
2025-08-24,17:54:51,21.7,44.0
2025-08-24,17:54:52,21.7,44.1
2025-08-24,17:54:53,21.7,44.1
2025-08-24,17:54:54,21.7,44.0
2025-08-24,17:54:55,21.7,44.0
2025-08-24,17:54:56,21.7,44.0
2025-08-24,17:54:57,21.7,44.0
2025-08-24,17:54:58,21.7,44.0
2025-08-24,17:54:59,21.7,44.0
2025-08-24,17:55:00,21.7,44.1
2025-08-24,17:55:01,21.7,44.1
2025-08-24,17:55:02,21.7,44.0
2025-08-24,17:55:03,21.7,44.0
2025-08-24,17:55:04,21.7,44.0
2025-08-24,17:55:05,21.7,44.0
2025-08-24,17:55:06,21.7,44.0
2025-08-24,17:55:07,21.7,44.0
2025-08-24,17:55:08,21.7,44.0
2025-08-24,17:55:09,21.7,44.0
2025-08-24,17:55:10,21.7,44.0
2025-08-24,17:55:11,21.7,44.0
2025-08-24,17:55:12,21.7,44.0
2025-08-24,17:55:13,21.7,44.0
2025-08-24,17:55:14,21.7,44.1
2025-08-24,17:55:15,21.7,44.1
2025-08-24,17:55:16,21.7,44.0
2025-08-24,17:55:17,21.7,44.0
2025-08-24,17:55:18,21.7,44.0
2025-08-24,17:55:19,21.7,44.0
2025-08-24,17:55:20,21.7,44.0
2025-08-24,17:55:21,21.7,44.0
2025-08-24,17:55:22,21.7,44.0
2025-08-24,17:55:23,21.7,44.0
2025-08-24,17:55:24,21.7,44.0
2025-08-24,17:55:25,21.7,44.0
2025-08-24,17:55:26,21.7,44.0
2025-08-24,17:55:27,21.7,44.0
2025-08-24,17:55:28,21.7,44.0
2025-08-24,17:55:29,21.7,44.0
2025-08-24,17:55:30,21.7,44.0
2025-08-24,17:55:31,21.7,44.0
2025-08-24,17:55:32,21.7,44.0
2025-08-24,17:55:33,21.7,44.0
2025-08-24,17:55:34,21.7,44.0
2025-08-24,17:55:35,21.7,44.0
2025-08-24,17:55:36,21.7,43.9
2025-08-24,17:55:37,21.7,43.9
2025-08-24,17:55:38,21.7,44.0
2025-08-24,17:55:39,21.7,44.0
2025-08-24,17:55:40,21.7,43.9
2025-08-24,17:55:41,21.7,43.9
2025-08-24,17:55:42,21.7,44.0
2025-08-24,17:55:43,21.7,44.0
2025-08-24,17:55:44,21.7,44.0
2025-08-24,17:55:45,21.7,44.0
2025-08-24,17:55:46,21.7,44.1
2025-08-24,17:55:47,21.7,44.1
2025-08-24,17:55:48,21.7,44.0
2025-08-24,17:55:49,21.7,44.0
2025-08-24,17:55:50,21.7,44.0
2025-08-24,17:55:51,21.7,44.0
2025-08-24,17:55:52,21.7,44.0
2025-08-24,17:55:53,21.7,44.0
2025-08-24,17:55:54,21.7,43.9
2025-08-24,17:55:55,21.7,43.9
2025-08-24,17:55:56,21.7,44.1
2025-08-24,17:55:57,21.7,44.1
2025-08-24,17:55:58,21.7,43.9
2025-08-24,17:55:59,21.7,43.9
2025-08-24,17:56:00,21.7,43.9
2025-08-24,17:56:01,21.7,43.9
2025-08-24,17:56:02,21.7,44.0
2025-08-24,17:56:03,21.7,44.0
2025-08-24,17:56:04,21.7,44.0
2025-08-24,17:56:05,21.7,44.0
2025-08-24,17:56:06,21.7,44.0
2025-08-24,17:56:07,21.7,44.0
2025-08-24,17:56:08,21.7,43.8
2025-08-24,17:56:09,21.7,43.8
2025-08-24,17:56:10,21.7,43.9
2025-08-24,17:56:11,21.7,43.9
2025-08-24,17:56:12,21.7,43.9
2025-08-24,17:56:13,21.7,43.9
2025-08-24,17:56:14,21.7,43.8
2025-08-24,17:56:15,21.7,43.8
2025-08-24,17:56:16,21.7,43.9
2025-08-24,17:56:17,21.7,43.9
2025-08-24,17:56:18,21.7,43.9
2025-08-24,17:56:19,21.7,43.9
2025-08-24,17:56:20,21.7,43.9
2025-08-24,17:56:21,21.7,43.9
2025-08-24,17:56:22,21.7,43.8
2025-08-24,17:56:23,21.7,43.8
2025-08-24,17:56:24,21.7,43.7
2025-08-24,17:56:25,21.7,43.7
2025-08-24,17:56:26,21.7,43.7
2025-08-24,17:56:27,21.7,43.7
2025-08-24,17:56:28,21.7,43.8
2025-08-24,17:56:29,21.7,43.8
2025-08-24,17:56:30,21.7,43.7
2025-08-24,17:56:31,21.7,43.7
2025-08-24,17:56:32,21.7,43.9
2025-08-24,17:56:33,21.7,43.9
2025-08-24,17:56:34,21.7,43.7
2025-08-24,17:56:35,21.7,43.7
2025-08-24,17:56:36,21.8,43.7
2025-08-24,17:56:37,21.8,43.7
2025-08-24,17:56:38,21.7,43.7
2025-08-24,17:56:39,21.7,43.7
2025-08-24,17:56:40,21.7,43.7
2025-08-24,17:56:41,21.7,43.7
2025-08-24,17:56:42,21.7,43.8
2025-08-24,17:56:43,21.7,43.8
2025-08-24,17:56:44,21.7,43.7
2025-08-24,17:56:45,21.7,43.7
2025-08-24,17:56:46,21.7,43.7
2025-08-24,17:56:47,21.7,43.7
2025-08-24,17:56:48,21.7,43.8
2025-08-24,17:56:49,21.7,43.8
2025-08-24,17:56:50,21.8,43.7
2025-08-24,17:56:51,21.8,43.7
2025-08-24,17:56:52,21.7,43.8
2025-08-24,17:56:53,21.7,43.8
2025-08-24,17:56:54,21.7,43.7
2025-08-24,17:56:55,21.7,43.7
2025-08-24,17:56:56,21.7,43.7
2025-08-24,17:56:57,21.7,43.7
2025-08-24,17:56:58,21.8,43.7
2025-08-24,17:56:59,21.8,43.7
2025-08-24,17:57:00,21.7,43.7
2025-08-24,17:57:01,21.7,43.7
2025-08-24,17:57:02,21.7,43.8
2025-08-24,17:57:03,21.7,43.8
2025-08-24,17:57:04,21.7,43.7
2025-08-24,17:57:05,21.7,43.7
2025-08-24,17:57:06,21.7,43.6
2025-08-24,17:57:07,21.7,43.6
2025-08-24,17:57:08,21.8,43.7
2025-08-24,17:57:09,21.8,43.7
2025-08-24,17:57:10,21.7,43.6
2025-08-24,17:57:11,21.7,43.6
2025-08-24,17:57:12,21.7,43.7
2025-08-24,17:57:13,21.7,43.7
2025-08-24,17:57:14,21.7,43.5
2025-08-24,17:57:15,21.7,43.5
2025-08-24,17:57:16,21.7,43.7
2025-08-24,17:57:17,21.7,43.7
2025-08-24,17:57:18,21.7,43.5
2025-08-24,17:57:19,21.7,43.5
2025-08-24,17:57:20,21.8,43.6
2025-08-24,17:57:21,21.8,43.6
2025-08-24,17:57:22,21.7,43.5
2025-08-24,17:57:23,21.7,43.5
2025-08-24,17:57:24,21.7,43.5
2025-08-24,17:57:25,21.7,43.5
2025-08-24,17:57:26,21.7,43.6
2025-08-24,17:57:27,21.7,43.6
2025-08-24,17:57:28,21.7,43.5
2025-08-24,17:57:29,21.7,43.5
2025-08-24,17:57:30,21.7,43.6
2025-08-24,17:57:31,21.7,43.6
2025-08-24,17:57:32,21.7,43.6
2025-08-24,17:57:33,21.7,43.6
2025-08-24,17:57:34,21.7,43.4
2025-08-24,17:57:35,21.7,43.4
2025-08-24,17:57:36,21.7,43.5
2025-08-24,17:57:37,21.7,43.5
2025-08-24,17:57:38,21.7,43.4
2025-08-24,17:57:39,21.7,43.4
2025-08-24,17:57:40,21.7,43.5
2025-08-24,17:57:41,21.7,43.5
2025-08-24,17:57:42,21.7,43.4
2025-08-24,17:57:43,21.7,43.4
2025-08-24,17:57:44,21.7,43.4
2025-08-24,17:57:45,21.7,43.4
2025-08-24,17:57:46,21.7,43.4
2025-08-24,17:57:47,21.7,43.4
2025-08-24,17:57:48,21.7,43.5
2025-08-24,17:57:49,21.7,43.5
2025-08-24,17:57:50,21.7,43.5
2025-08-24,17:57:51,21.7,43.5
2025-08-24,17:57:52,21.7,43.5
2025-08-24,17:57:53,21.7,43.5
2025-08-24,17:57:54,21.7,43.4
2025-08-24,17:57:55,21.7,43.4
2025-08-24,17:57:56,21.7,43.4
2025-08-24,17:57:57,21.7,43.4
2025-08-24,17:57:58,21.7,43.3
2025-08-24,17:57:59,21.7,43.3
2025-08-24,17:58:01,21.7,43.3
2025-08-24,17:58:02,21.7,43.3
2025-08-24,17:58:03,21.7,43.5
2025-08-24,17:58:04,21.7,43.5
2025-08-24,17:58:05,21.7,43.4
2025-08-24,17:58:06,21.7,43.4
2025-08-24,17:58:07,21.7,43.3
2025-08-24,17:58:08,21.7,43.3
2025-08-24,17:58:09,21.7,43.3
2025-08-24,17:58:10,21.7,43.3
2025-08-24,17:58:11,21.7,43.2
2025-08-24,17:58:12,21.7,43.2
2025-08-24,17:58:13,21.7,43.3
2025-08-24,17:58:14,21.7,43.3
2025-08-24,17:58:15,21.7,43.3
2025-08-24,17:58:16,21.7,43.3
2025-08-24,17:58:17,21.7,43.3
2025-08-24,17:58:18,21.7,43.3
2025-08-24,17:58:19,21.7,43.3
2025-08-24,17:58:20,21.7,43.3
2025-08-24,17:58:21,21.7,43.3
2025-08-24,17:58:22,21.7,43.3
2025-08-24,17:58:23,21.7,43.4
2025-08-24,17:58:24,21.7,43.4
2025-08-24,17:58:25,21.7,43.4
2025-08-24,17:58:26,21.7,43.4
2025-08-24,17:58:27,21.7,43.3
2025-08-24,17:58:28,21.7,43.3
2025-08-24,17:58:29,21.7,43.5
2025-08-24,17:58:30,21.7,43.5
2025-08-24,17:58:31,21.7,43.4
2025-08-24,17:58:32,21.7,43.4
2025-08-24,17:58:33,21.7,43.4
2025-08-24,17:58:34,21.7,43.4
2025-08-24,17:58:35,21.7,43.4
2025-08-24,17:58:36,21.7,43.4
2025-08-24,17:58:37,21.6,43.5
2025-08-24,17:58:38,21.6,43.5
2025-08-24,17:58:39,21.6,43.5
2025-08-24,17:58:40,21.6,43.5
2025-08-24,17:58:41,21.6,43.5
2025-08-24,17:58:42,21.6,43.5
2025-08-24,17:58:43,21.6,43.5
2025-08-24,17:58:44,21.6,43.5
2025-08-24,17:58:45,21.6,43.5
2025-08-24,17:58:46,21.6,43.5
2025-08-24,17:58:47,21.6,43.6
2025-08-24,17:58:48,21.6,43.6
2025-08-24,17:58:49,21.5,43.6
2025-08-24,17:58:50,21.5,43.6
2025-08-24,17:58:53,21.6,43.6
2025-08-24,17:58:53,21.6,43.6
2025-08-24,17:58:54,21.6,43.6
2025-08-24,17:58:55,21.5,43.6
2025-08-24,17:58:56,21.5,43.6
2025-08-24,17:58:57,21.5,43.7
2025-08-24,17:58:58,21.5,43.7
2025-08-24,17:58:59,21.5,43.7
2025-08-24,17:59:00,21.5,43.7
2025-08-24,17:59:01,21.5,43.7
2025-08-24,17:59:02,21.5,43.7
2025-08-24,17:59:03,21.5,43.9
2025-08-24,17:59:04,21.5,43.9
2025-08-24,17:59:05,21.5,43.7
2025-08-24,17:59:06,21.5,43.7
2025-08-24,17:59:07,21.5,43.7
2025-08-24,17:59:08,21.5,43.7
2025-08-24,17:59:09,21.5,43.8
2025-08-24,17:59:10,21.5,43.8
2025-08-24,17:59:11,21.5,43.8
2025-08-24,17:59:12,21.5,43.8
2025-08-24,17:59:13,21.5,43.9
2025-08-24,17:59:14,21.5,43.9
2025-08-24,17:59:15,21.5,43.7
2025-08-24,17:59:16,21.5,43.7
2025-08-24,17:59:17,21.5,43.9
2025-08-24,17:59:18,21.5,43.9
2025-08-24,17:59:19,21.5,44.0
2025-08-24,17:59:20,21.5,44.0
2025-08-24,17:59:21,21.5,43.8
2025-08-24,17:59:22,21.5,43.8
2025-08-24,17:59:23,21.5,43.9
2025-08-24,17:59:24,21.5,43.9
2025-08-24,17:59:25,21.5,44.0
2025-08-24,17:59:26,21.5,44.0
2025-08-24,17:59:27,21.5,43.9
2025-08-24,17:59:28,21.5,43.9
2025-08-24,17:59:29,21.5,44.0
2025-08-24,17:59:30,21.5,44.0
2025-08-24,17:59:31,21.5,43.9
2025-08-24,17:59:32,21.5,43.9
2025-08-24,17:59:33,21.5,43.9
2025-08-24,17:59:34,21.5,43.9
2025-08-24,17:59:35,21.5,44.1
2025-08-24,17:59:36,21.5,44.1
2025-08-24,17:59:37,21.5,44.0
2025-08-24,17:59:38,21.5,44.0
2025-08-24,17:59:39,21.5,44.0
2025-08-24,17:59:40,21.5,44.0
2025-08-24,17:59:41,21.5,44.1
2025-08-24,17:59:42,21.5,44.1
2025-08-24,17:59:43,21.5,44.1
2025-08-24,17:59:44,21.5,44.1
2025-08-24,17:59:45,21.5,44.1
2025-08-24,17:59:46,21.5,44.1
2025-08-24,17:59:47,21.5,44.1
2025-08-24,17:59:48,21.5,44.1
2025-08-24,17:59:49,21.5,44.1
2025-08-24,17:59:50,21.5,44.1
2025-08-24,17:59:51,21.5,44.1
2025-08-24,17:59:52,21.5,44.1
2025-08-24,17:59:53,21.5,44.1
2025-08-24,17:59:54,21.5,44.1
2025-08-24,17:59:55,21.5,44.2
2025-08-24,17:59:56,21.5,44.2
2025-08-24,17:59:57,21.5,44.0
2025-08-24,17:59:58,21.5,44.0
2025-08-24,17:59:59,21.5,44.1
2025-08-24,18:00:00,21.5,44.1
2025-08-24,18:00:01,21.5,44.2
2025-08-24,18:00:02,21.5,44.2
2025-08-24,18:00:03,21.5,44.1
2025-08-24,18:00:04,21.5,44.1
2025-08-24,18:00:05,21.5,44.0
2025-08-24,18:00:06,21.5,44.0
2025-08-24,18:00:07,21.5,44.0
2025-08-24,18:00:08,21.5,44.0
2025-08-24,18:00:09,21.5,44.1
2025-08-24,18:00:10,21.5,44.1
2025-08-24,18:00:11,21.5,44.2
2025-08-24,18:00:12,21.5,44.2
2025-08-24,18:00:13,21.5,44.1
2025-08-24,18:00:14,21.5,44.1
2025-08-24,18:00:15,21.5,44.2
2025-08-24,18:00:16,21.5,44.2
2025-08-24,18:00:17,21.5,44.1
2025-08-24,18:00:18,21.5,44.1
2025-08-24,18:00:19,21.5,44.1
2025-08-24,18:00:20,21.5,44.1
2025-08-24,18:00:21,21.5,44.2
2025-08-24,18:00:22,21.5,44.2
2025-08-24,18:00:23,21.5,44.1
2025-08-24,18:00:24,21.5,44.1
2025-08-24,18:00:25,21.5,44.2
2025-08-24,18:00:26,21.5,44.2
2025-08-24,18:00:27,21.5,44.1
2025-08-24,18:00:28,21.5,44.1
2025-08-24,18:00:29,21.5,44.1
2025-08-24,18:00:30,21.5,44.1
2025-08-24,18:00:31,21.5,44.2
2025-08-24,18:00:32,21.5,44.2
2025-08-24,18:00:33,21.5,44.1
2025-08-24,18:00:34,21.5,44.1
2025-08-24,18:00:35,21.5,44.1
2025-08-24,18:00:36,21.5,44.1
2025-08-24,18:00:37,21.5,44.0
2025-08-24,18:00:38,21.5,44.0
2025-08-24,18:00:39,21.5,44.2
2025-08-24,18:00:40,21.5,44.2
2025-08-24,18:00:41,21.5,44.2
2025-08-24,18:00:42,21.5,44.2
2025-08-24,18:00:43,21.5,44.2
2025-08-24,18:00:44,21.5,44.2
2025-08-24,18:00:45,21.5,44.2
2025-08-24,18:00:46,21.5,44.2
2025-08-24,18:00:47,21.5,44.1
2025-08-24,18:00:48,21.5,44.1
2025-08-24,18:00:49,21.5,44.2
2025-08-24,18:00:50,21.5,44.2
2025-08-24,18:00:51,21.5,44.3
2025-08-24,18:00:52,21.5,44.3
2025-08-24,18:00:53,21.5,44.2
2025-08-24,18:00:54,21.5,44.2
2025-08-24,18:00:55,21.5,44.2
2025-08-24,18:00:56,21.5,44.2
2025-08-24,18:00:57,21.5,44.2
2025-08-24,18:00:58,21.5,44.2
2025-08-24,18:00:59,21.5,44.2
2025-08-24,18:01:00,21.5,44.2
2025-08-24,18:01:01,21.5,44.2
2025-08-24,18:01:02,21.5,44.2
2025-08-24,18:01:03,21.5,44.2
2025-08-24,18:01:04,21.5,44.2
2025-08-24,18:01:05,21.5,44.2
2025-08-24,18:01:06,21.5,44.2
2025-08-24,18:01:07,21.5,44.2
2025-08-24,18:01:08,21.5,44.2
2025-08-24,18:01:09,21.5,44.2
2025-08-24,18:01:10,21.5,44.2
2025-08-24,18:01:11,21.5,44.1
2025-08-24,18:01:12,21.5,44.1
2025-08-24,18:01:13,21.5,44.2
2025-08-24,18:01:14,21.5,44.2
2025-08-24,18:01:15,21.5,44.2
2025-08-24,18:01:16,21.5,44.2
2025-08-24,18:01:17,21.5,44.1
2025-08-24,18:01:18,21.5,44.1
2025-08-24,18:01:19,21.5,44.3
2025-08-24,18:01:20,21.5,44.3
2025-08-24,18:01:21,21.5,44.3
2025-08-24,18:01:22,21.5,44.3
2025-08-24,18:01:23,21.5,44.2
2025-08-24,18:01:24,21.5,44.2
2025-08-24,18:01:25,21.4,44.3
2025-08-24,18:01:26,21.4,44.3
2025-08-24,18:01:27,21.5,44.3
2025-08-24,18:01:28,21.5,44.3
2025-08-24,18:01:29,21.5,44.2
2025-08-24,18:01:30,21.5,44.2
2025-08-24,18:01:31,21.5,44.2
2025-08-24,18:01:32,21.5,44.2
2025-08-24,18:01:33,21.5,44.3
2025-08-24,18:01:34,21.5,44.3
2025-08-24,18:01:35,21.5,44.3
2025-08-24,18:01:36,21.5,44.3
2025-08-24,18:01:37,21.5,44.3
2025-08-24,18:01:38,21.5,44.3
2025-08-24,18:01:39,21.5,44.2
2025-08-24,18:01:40,21.5,44.2
2025-08-24,18:01:41,21.5,44.3
2025-08-24,18:01:42,21.5,44.3
2025-08-24,18:01:43,21.5,44.2
2025-08-24,18:01:44,21.5,44.2
2025-08-24,18:01:45,21.5,44.2
2025-08-24,18:01:46,21.5,44.2
2025-08-24,18:01:47,21.5,44.1
2025-08-24,18:01:48,21.5,44.1
2025-08-24,18:01:49,21.5,44.2
2025-08-24,18:01:50,21.5,44.2
2025-08-24,18:01:51,21.5,44.1
2025-08-24,18:01:52,21.5,44.1
2025-08-24,18:01:53,21.5,44.1
2025-08-24,18:01:54,21.5,44.1
2025-08-24,18:01:55,21.5,44.0
2025-08-24,18:01:56,21.5,44.0
2025-08-24,18:01:57,21.5,44.0
2025-08-24,18:01:58,21.5,44.0
2025-08-24,18:01:59,21.5,44.0
2025-08-24,18:02:00,21.5,44.0
2025-08-24,18:02:01,21.5,44.0
2025-08-24,18:02:02,21.5,44.0
2025-08-24,18:02:03,21.5,44.0
2025-08-24,18:02:04,21.5,44.0
2025-08-24,18:02:05,21.5,43.9
2025-08-24,18:02:06,21.5,43.9
2025-08-24,18:02:07,21.5,43.9
2025-08-24,18:02:08,21.5,43.9
2025-08-24,18:02:09,21.5,44.0
2025-08-24,18:02:10,21.5,44.0
2025-08-24,18:02:11,21.5,44.0
2025-08-24,18:02:12,21.5,44.0
2025-08-24,18:02:13,21.5,44.0
2025-08-24,18:02:14,21.5,44.0
2025-08-24,18:02:15,21.5,44.0
2025-08-24,18:02:16,21.5,44.0
2025-08-24,18:02:17,21.5,43.9
2025-08-24,18:02:18,21.5,43.9
2025-08-24,18:02:19,21.5,43.9
2025-08-24,18:02:20,21.5,43.9
2025-08-24,18:02:21,21.5,44.0
2025-08-24,18:02:22,21.5,44.0
2025-08-24,18:02:23,21.5,44.0
2025-08-24,18:02:24,21.5,44.0
2025-08-24,18:02:25,21.5,43.9
2025-08-24,18:02:26,21.5,43.9
2025-08-24,18:02:27,21.5,43.9
2025-08-24,18:02:28,21.5,43.9
2025-08-24,18:02:29,21.5,44.0
2025-08-24,18:02:30,21.5,44.0
2025-08-24,18:02:31,21.5,43.9
2025-08-24,18:02:32,21.5,43.9
2025-08-24,18:02:33,21.5,43.8
2025-08-24,18:02:34,21.5,43.8
2025-08-24,18:02:35,21.5,43.8
2025-08-24,18:02:36,21.5,43.8
2025-08-24,18:02:37,21.5,43.8
2025-08-24,18:02:38,21.5,43.8
2025-08-24,18:02:39,21.5,43.9
2025-08-24,18:02:40,21.5,43.9
2025-08-24,18:02:41,21.5,43.8
2025-08-24,18:02:42,21.5,43.8
2025-08-24,18:02:43,21.5,43.9
2025-08-24,18:02:44,21.5,43.9
2025-08-24,18:02:45,21.5,43.9
2025-08-24,18:02:46,21.5,43.9
2025-08-24,18:02:47,21.5,43.8
2025-08-24,18:02:48,21.5,43.8
2025-08-24,18:02:49,21.5,43.7
2025-08-24,18:02:50,21.5,43.7
2025-08-24,18:02:51,21.5,43.8
2025-08-24,18:02:52,21.5,43.8
2025-08-24,18:02:53,21.5,43.7
2025-08-24,18:02:54,21.5,43.7
2025-08-24,18:02:55,21.5,43.7
2025-08-24,18:02:56,21.5,43.7
2025-08-24,18:02:57,21.5,43.9
2025-08-24,18:02:58,21.5,43.9
2025-08-24,18:02:59,21.5,43.9
2025-08-24,18:03:00,21.5,43.9
2025-08-24,18:03:01,21.5,43.8
2025-08-24,18:03:02,21.5,43.8
2025-08-24,18:03:03,21.5,43.8
2025-08-24,18:03:04,21.5,43.8
2025-08-24,18:03:05,21.5,43.9
2025-08-24,18:03:06,21.5,43.9
2025-08-24,18:03:07,21.5,43.7
2025-08-24,18:03:08,21.5,43.7
2025-08-24,18:03:09,21.5,43.9
2025-08-24,18:03:10,21.5,43.9
2025-08-24,18:03:11,21.4,43.7
2025-08-24,18:03:12,21.4,43.7
2025-08-24,18:03:13,21.4,43.8
2025-08-24,18:03:14,21.4,43.8
2025-08-24,18:03:15,21.4,43.8
2025-08-24,18:03:16,21.4,43.8
2025-08-24,18:03:18,21.4,43.8
2025-08-24,18:03:19,21.4,43.8
2025-08-24,18:03:20,21.4,43.8
2025-08-24,18:03:21,21.4,43.8
2025-08-24,18:03:22,21.4,43.7
2025-08-24,18:03:23,21.4,43.7
2025-08-24,18:03:24,21.4,43.8
2025-08-24,18:03:25,21.4,43.8
2025-08-24,18:03:26,21.4,43.7
2025-08-24,18:03:27,21.4,43.7
2025-08-24,18:03:28,21.4,43.7
2025-08-24,18:03:29,21.4,43.7
2025-08-24,18:03:30,21.4,43.7
2025-08-24,18:03:31,21.4,43.7
2025-08-24,18:03:32,21.4,43.9
2025-08-24,18:03:33,21.4,43.9
2025-08-24,18:03:34,21.4,43.7
2025-08-24,18:03:35,21.4,43.7
2025-08-24,18:03:36,21.4,43.7
2025-08-24,18:03:37,21.4,43.7
2025-08-24,18:03:38,21.4,43.8
2025-08-24,18:03:39,21.4,43.8
2025-08-24,18:03:40,21.4,43.7
2025-08-24,18:03:41,21.4,43.7
2025-08-24,18:03:42,21.4,43.7
2025-08-24,18:03:43,21.4,43.7
2025-08-24,18:03:44,21.4,43.9
2025-08-24,18:03:45,21.4,43.9
2025-08-24,18:03:46,21.4,43.7
2025-08-24,18:03:47,21.4,43.7
2025-08-24,18:03:48,21.4,43.7
2025-08-24,18:03:49,21.4,43.7
2025-08-24,18:03:50,21.4,43.8
2025-08-24,18:03:51,21.4,43.8
2025-08-24,18:03:52,21.4,43.7
2025-08-24,18:03:53,21.4,43.7
2025-08-24,18:03:54,21.4,43.9
2025-08-24,18:03:55,21.4,43.9
2025-08-24,18:03:58,21.4,43.9
2025-08-24,18:03:58,21.3,44.0
2025-08-24,18:03:59,21.3,44.0
2025-08-24,18:04:00,21.4,43.8
2025-08-24,18:04:01,21.4,43.8
